[{"model": "maintenance.serviceconcept", "pk": 1, "fields": {"name": "Filtro", "created_at": "2017-01-27T02:38:01.557Z", "last_modified": "2017-01-27T02:38:01.557Z"}}, {"model": "maintenance.serviceconcept", "pk": 2, "fields": {"name": "Bandas", "created_at": "2017-01-27T02:38:19.199Z", "last_modified": "2017-01-27T02:38:19.199Z"}}, {"model": "maintenance.serviceconcept", "pk": 3, "fields": {"name": "Enfriamiento", "created_at": "2017-01-27T02:39:29.733Z", "last_modified": "2017-01-27T02:39:29.733Z"}}, {"model": "maintenance.serviceconcept", "pk": 4, "fields": {"name": "Motor", "created_at": "2017-01-27T02:39:40.157Z", "last_modified": "2017-01-27T02:39:40.157Z"}}, {"model": "maintenance.serviceconcept", "pk": 5, "fields": {"name": "Frenos", "created_at": "2017-01-27T02:39:47.425Z", "last_modified": "2017-01-27T02:39:47.425Z"}}, {"model": "maintenance.serviceconcept", "pk": 6, "fields": {"name": "Transmision", "created_at": "2017-01-27T02:39:57.553Z", "last_modified": "2017-01-27T02:39:57.553Z"}}, {"model": "maintenance.serviceconcept", "pk": 7, "fields": {"name": "Mentenimiento Preventivo", "created_at": "2017-01-27T02:40:13.088Z", "last_modified": "2017-01-27T02:40:13.088Z"}}, {"model": "maintenance.serviceconcept", "pk": 8, "fields": {"name": "Trabajos Adicionales", "created_at": "2017-01-27T02:40:25.308Z", "last_modified": "2017-01-27T02:40:25.308Z"}}, {"model": "maintenance.serviceitem", "pk": 3, "fields": {"concept": 1, "name": "Cambio de Aceite Sintetico", "created_at": "2017-01-27T03:02:32.733Z", "last_modified": "2017-01-27T03:02:32.733Z"}}, {"model": "maintenance.serviceitem", "pk": 4, "fields": {"concept": 1, "name": "Cambio de Filtro de Aire", "created_at": "2017-01-27T03:03:45.557Z", "last_modified": "2017-01-27T03:03:45.557Z"}}, {"model": "maintenance.serviceitem", "pk": 5, "fields": {"concept": 1, "name": "Filtro de Gasolina", "created_at": "2017-01-27T03:04:00.482Z", "last_modified": "2017-01-27T03:04:00.482Z"}}, {"model": "maintenance.serviceitem", "pk": 6, "fields": {"concept": 2, "name": "Poly-V", "created_at": "2017-01-27T03:05:16.492Z", "last_modified": "2017-01-27T03:05:16.492Z"}}, {"model": "maintenance.serviceitem", "pk": 7, "fields": {"concept": 2, "name": "Alternador", "created_at": "2017-01-27T03:07:16.555Z", "last_modified": "2017-01-27T03:07:16.555Z"}}, {"model": "maintenance.serviceitem", "pk": 8, "fields": {"concept": 2, "name": "Aire Acondicionado", "created_at": "2017-01-27T03:07:43.060Z", "last_modified": "2017-01-27T03:07:43.060Z"}}, {"model": "maintenance.serviceitem", "pk": 9, "fields": {"concept": 2, "name": "Direccion Hidraulica", "created_at": "2017-01-27T03:09:05.277Z", "last_modified": "2017-01-27T03:09:05.277Z"}}, {"model": "maintenance.serviceitem", "pk": 10, "fields": {"concept": 3, "name": "Manguera Superior del Radiador", "created_at": "2017-01-27T03:10:03.161Z", "last_modified": "2017-01-27T03:10:03.161Z"}}, {"model": "maintenance.serviceitem", "pk": 11, "fields": {"concept": 3, "name": "Manguera Inferior del Radiador", "created_at": "2017-01-27T03:10:43.614Z", "last_modified": "2017-01-27T03:10:43.614Z"}}, {"model": "maintenance.serviceitem", "pk": 12, "fields": {"concept": 3, "name": "Fluido del Refrigerante", "created_at": "2017-01-27T03:11:02.710Z", "last_modified": "2017-01-27T03:11:02.710Z"}}, {"model": "maintenance.serviceitem", "pk": 13, "fields": {"concept": 3, "name": "Tapon del Radiador", "created_at": "2017-01-27T03:11:26.875Z", "last_modified": "2017-01-27T03:11:26.875Z"}}, {"model": "maintenance.serviceitem", "pk": 14, "fields": {"concept": 3, "name": "Bulbo(s)", "created_at": "2017-01-27T03:11:57.007Z", "last_modified": "2017-01-27T03:11:57.007Z"}}, {"model": "maintenance.serviceitem", "pk": 15, "fields": {"concept": 4, "name": "Afinacion (Carburador)", "created_at": "2017-01-27T03:13:06.509Z", "last_modified": "2017-01-27T03:13:06.509Z"}}, {"model": "maintenance.serviceitem", "pk": 16, "fields": {"concept": 4, "name": "Afinacion Inyeccion", "created_at": "2017-01-27T03:13:27.873Z", "last_modified": "2017-01-27T03:13:27.873Z"}}, {"model": "maintenance.serviceitem", "pk": 17, "fields": {"concept": 4, "name": "Diagnostico (Scanner)", "created_at": "2017-01-27T03:13:54.391Z", "last_modified": "2017-01-27T03:13:54.391Z"}}, {"model": "maintenance.serviceitem", "pk": 18, "fields": {"concept": 4, "name": "Cambio de Cables", "created_at": "2017-01-27T03:14:13.582Z", "last_modified": "2017-01-27T03:14:13.582Z"}}, {"model": "maintenance.serviceitem", "pk": 19, "fields": {"concept": 4, "name": "Fuga de Aceite", "created_at": "2017-01-27T03:14:23.935Z", "last_modified": "2017-01-27T03:14:23.935Z"}}, {"model": "maintenance.serviceitem", "pk": 20, "fields": {"concept": 4, "name": "Lavar Motor", "created_at": "2017-01-27T03:14:35.821Z", "last_modified": "2017-01-27T03:14:35.821Z"}}, {"model": "maintenance.serviceitem", "pk": 21, "fields": {"concept": 4, "name": "Lavar Inyectores", "created_at": "2017-01-27T03:14:50.258Z", "last_modified": "2017-01-27T03:14:50.258Z"}}, {"model": "maintenance.serviceitem", "pk": 22, "fields": {"concept": 4, "name": "Rectificado", "created_at": "2017-01-27T03:15:03.273Z", "last_modified": "2017-01-27T03:15:03.273Z"}}, {"model": "maintenance.serviceitem", "pk": 23, "fields": {"concept": 5, "name": "Delanteros y Ajuste Traseros", "created_at": "2017-01-27T03:17:18.895Z", "last_modified": "2017-01-27T03:17:18.895Z"}}, {"model": "maintenance.serviceitem", "pk": 24, "fields": {"concept": 5, "name": "Traseros", "created_at": "2017-01-27T03:17:29.496Z", "last_modified": "2017-01-27T03:17:29.496Z"}}, {"model": "maintenance.serviceitem", "pk": 25, "fields": {"concept": 5, "name": "Generales", "created_at": "2017-01-27T03:17:41.658Z", "last_modified": "2017-01-27T03:17:41.658Z"}}, {"model": "maintenance.serviceitem", "pk": 26, "fields": {"concept": 5, "name": "Ligas de Caliper", "created_at": "2017-01-27T03:18:01.220Z", "last_modified": "2017-01-27T03:18:01.220Z"}}, {"model": "maintenance.serviceitem", "pk": 27, "fields": {"concept": 5, "name": "Ligas de Cilindro Tras", "created_at": "2017-01-27T03:18:24.973Z", "last_modified": "2017-01-27T03:19:37.550Z"}}, {"model": "maintenance.serviceitem", "pk": 28, "fields": {"concept": 5, "name": "Cilindro Maestro", "created_at": "2017-01-27T03:19:57.877Z", "last_modified": "2017-01-27T03:19:57.877Z"}}, {"model": "maintenance.serviceitem", "pk": 29, "fields": {"concept": 5, "name": "Sistema ABS", "created_at": "2017-01-27T03:20:13.954Z", "last_modified": "2017-01-27T03:20:13.954Z"}}, {"model": "maintenance.serviceitem", "pk": 30, "fields": {"concept": 5, "name": "Limpieza y Ajuste", "created_at": "2017-01-27T03:20:38.195Z", "last_modified": "2017-01-27T03:20:38.195Z"}}, {"model": "maintenance.serviceitem", "pk": 31, "fields": {"concept": 5, "name": "Rectificado", "created_at": "2017-01-27T03:23:47.594Z", "last_modified": "2017-01-27T03:23:47.594Z"}}, {"model": "maintenance.serviceitem", "pk": 32, "fields": {"concept": 6, "name": "Afinacion", "created_at": "2017-01-27T03:24:33.597Z", "last_modified": "2017-01-27T03:24:33.597Z"}}, {"model": "maintenance.serviceitem", "pk": 33, "fields": {"concept": 6, "name": "Fuga de Carter A/T", "created_at": "2017-01-27T03:24:57.768Z", "last_modified": "2017-01-27T03:24:57.768Z"}}, {"model": "maintenance.serviceitem", "pk": 34, "fields": {"concept": 6, "name": "Diagnostico (Scanner)", "created_at": "2017-01-27T03:25:19.009Z", "last_modified": "2017-01-27T03:25:19.009Z"}}, {"model": "maintenance.serviceitem", "pk": 35, "fields": {"concept": 6, "name": "Cubre Polvos (Int) (Ext)", "created_at": "2017-01-27T03:25:55.746Z", "last_modified": "2017-01-27T03:25:55.746Z"}}, {"model": "maintenance.serviceitem", "pk": 36, "fields": {"concept": 7, "name": "Niveles de Agua y Aceite", "created_at": "2017-01-27T03:27:16.930Z", "last_modified": "2017-01-27T03:27:16.930Z"}}, {"model": "maintenance.serviceitem", "pk": 37, "fields": {"concept": 7, "name": "Direccionales", "created_at": "2017-01-27T03:27:32.469Z", "last_modified": "2017-01-27T03:27:32.469Z"}}, {"model": "maintenance.serviceitem", "pk": 38, "fields": {"concept": 7, "name": "Reversa", "created_at": "2017-01-27T03:27:56.283Z", "last_modified": "2017-01-27T03:27:56.283Z"}}, {"model": "maintenance.serviceitem", "pk": 39, "fields": {"concept": 7, "name": "Claxon", "created_at": "2017-01-27T03:28:06.837Z", "last_modified": "2017-01-27T03:28:06.837Z"}}, {"model": "maintenance.serviceitem", "pk": 40, "fields": {"concept": 7, "name": "Alinear Chisguetes", "created_at": "2017-01-27T03:28:28.289Z", "last_modified": "2017-01-27T03:28:28.289Z"}}, {"model": "maintenance.serviceitem", "pk": 41, "fields": {"concept": 7, "name": "Limpiadores", "created_at": "2017-01-27T03:28:44.873Z", "last_modified": "2017-01-27T03:28:44.873Z"}}, {"model": "maintenance.serviceitem", "pk": 42, "fields": {"concept": 7, "name": "Luces Cuartos", "created_at": "2017-01-27T03:29:02.628Z", "last_modified": "2017-01-27T03:29:02.628Z"}}, {"model": "maintenance.serviceitem", "pk": 43, "fields": {"concept": 7, "name": "Presion Llantas", "created_at": "2017-01-27T03:29:28.821Z", "last_modified": "2017-01-27T03:29:28.821Z"}}, {"model": "maintenance.serviceitemprice", "pk": 1, "fields": {"service_item": 25}}, {"model": "maintenance.serviceitemprice", "pk": 2, "fields": {"service_item": 28}}, {"model": "maintenance.serviceorder", "pk": 2, "fields": {"vehicle": 13, "date": "2017-01-27T05:47:02Z", "reception": "2017-01-27T05:47:02Z", "delivery": "2017-01-27T05:47:02Z", "radio": null, "floor_mats": null, "lighter": null, "extinguisher": null, "hydraulic_jack": null, "tools": null, "wheel_brace": null, "spare_tire": null, "oil_cap": null, "radiator_cap": null, "dipstick": null, "antenna": null, "mirrors": null, "crystals": null, "wheel_covers": null, "gas_cap": null, "comments": "", "created_at": "2017-01-27T05:48:24.679Z", "last_modified": "2017-01-27T05:59:28.347Z"}}, {"model": "maintenance.serviceorder", "pk": 3, "fields": {"vehicle": 14, "date": "2017-01-27T05:49:37Z", "reception": "2017-01-27T05:49:37Z", "delivery": "2017-01-27T05:49:37Z", "radio": null, "floor_mats": null, "lighter": null, "extinguisher": null, "hydraulic_jack": null, "tools": null, "wheel_brace": null, "spare_tire": null, "oil_cap": null, "radiator_cap": null, "dipstick": null, "antenna": null, "mirrors": null, "crystals": null, "wheel_covers": null, "gas_cap": null, "comments": "", "created_at": "2017-01-27T05:50:01.914Z", "last_modified": "2017-01-27T05:56:04.450Z"}}, {"model": "maintenance.serviceorder", "pk": 4, "fields": {"vehicle": 16, "date": "2017-01-27T06:40:28Z", "reception": "2017-01-27T06:40:28Z", "delivery": "2017-01-27T06:40:28Z", "radio": true, "floor_mats": null, "lighter": null, "extinguisher": null, "hydraulic_jack": null, "tools": null, "wheel_brace": null, "spare_tire": null, "oil_cap": null, "radiator_cap": null, "dipstick": null, "antenna": null, "mirrors": null, "crystals": null, "wheel_covers": null, "gas_cap": null, "comments": "", "created_at": "2017-01-27T06:40:47.244Z", "last_modified": "2017-01-27T06:40:47.244Z"}}, {"model": "maintenance.serviceorder", "pk": 5, "fields": {"vehicle": 17, "date": "2017-01-27T07:04:05Z", "reception": "2017-01-27T07:04:05Z", "delivery": "2017-01-27T07:04:05Z", "radio": null, "floor_mats": null, "lighter": null, "extinguisher": null, "hydraulic_jack": null, "tools": null, "wheel_brace": null, "spare_tire": null, "oil_cap": null, "radiator_cap": null, "dipstick": null, "antenna": null, "mirrors": null, "crystals": null, "wheel_covers": null, "gas_cap": null, "comments": "", "created_at": "2017-01-27T07:04:17.837Z", "last_modified": "2017-01-27T07:04:17.837Z"}}, {"model": "maintenance.serviceorder", "pk": 6, "fields": {"vehicle": 15, "date": "2017-02-02T02:44:08Z", "reception": "2017-02-02T02:44:08Z", "delivery": "2017-02-02T02:44:08Z", "radio": null, "floor_mats": null, "lighter": null, "extinguisher": null, "hydraulic_jack": null, "tools": null, "wheel_brace": null, "spare_tire": null, "oil_cap": null, "radiator_cap": null, "dipstick": null, "antenna": null, "mirrors": null, "crystals": null, "wheel_covers": null, "gas_cap": null, "comments": "", "created_at": "2017-02-02T02:44:41.026Z", "last_modified": "2017-02-02T02:44:41.026Z"}}, {"model": "maintenance.serviceorder", "pk": 7, "fields": {"vehicle": 15, "date": "2017-02-02T02:57:59Z", "reception": "2017-02-02T02:57:59Z", "delivery": "2017-02-02T02:57:59Z", "radio": null, "floor_mats": null, "lighter": null, "extinguisher": null, "hydraulic_jack": null, "tools": null, "wheel_brace": null, "spare_tire": null, "oil_cap": null, "radiator_cap": null, "dipstick": null, "antenna": null, "mirrors": null, "crystals": null, "wheel_covers": null, "gas_cap": null, "comments": "bla bla bla", "created_at": "2017-02-02T03:07:59.838Z", "last_modified": "2017-02-02T04:54:49.425Z"}}, {"model": "maintenance.serviceordertotal", "pk": 6, "fields": {"service_order_detail": 6, "service_item": 30, "spare_parts": 10.0, "workforce": 1.0, "item_total": 0.0, "created_at": "2017-02-02T02:44:41.029Z", "last_modified": "2017-02-02T02:44:41.029Z"}}, {"model": "maintenance.serviceordertotal", "pk": 7, "fields": {"service_order_detail": 7, "service_item": 24, "spare_parts": 1022.0, "workforce": 200.0, "item_total": 0.0, "created_at": "2017-02-02T03:07:59.839Z", "last_modified": "2017-02-02T03:07:59.839Z"}}, {"model": "maintenance.serviceordertotal", "pk": 8, "fields": {"service_order_detail": 7, "service_item": 26, "spare_parts": 150.0, "workforce": 0.0, "item_total": 0.0, "created_at": "2017-02-02T03:07:59.840Z", "last_modified": "2017-02-02T03:07:59.840Z"}}]